{
  "score": 12.417000000000002,
  "real": 302.13279428499663,
  "user": 6.948,
  "sys": 5.469,
  "ttfm": -1.0,
  "peak_cpu_pct": 0.0,
  "peak_memory_mb": 1062.43359375,
  "avg_threads": 65.84013605442176,
  "total_io_read_mb": 0.00390625,
  "total_io_write_mb": 0.0078125,
  "context_switches": 4280,
  "validation": "PASS",
  "validation_detail": "basic (process exited cleanly)"
}