{
  "score": 12.437999999999999,
  "real": 302.1663328979994,
  "user": 6.919,
  "sys": 5.519,
  "ttfm": -1.0,
  "peak_cpu_pct": 0.0,
  "peak_memory_mb": 1065.546875,
  "avg_threads": 65.85034013605443,
  "total_io_read_mb": 0.0,
  "total_io_write_mb": 0.0078125,
  "context_switches": 4201,
  "validation": "PASS",
  "validation_detail": "basic (process exited cleanly)"
}