{
  "score": 2.0629999999999997,
  "real": 11.057617065001978,
  "user": 1.797,
  "sys": 0.266,
  "ttfm": -1.0,
  "peak_cpu_pct": 0.0,
  "peak_memory_mb": 861.2109375,
  "avg_threads": 34.666666666666664,
  "total_io_read_mb": 0.0,
  "total_io_write_mb": 0.0078125,
  "context_switches": 305,
  "validation": "PASS",
  "validation_detail": "basic (process exited cleanly)"
}