{
  "score": 11.219000000000001,
  "real": 301.0885392019991,
  "user": 6.226,
  "sys": 4.993,
  "ttfm": -1.0,
  "peak_cpu_pct": 0.0,
  "peak_memory_mb": 1105.80078125,
  "avg_threads": 62.88737201365188,
  "total_io_read_mb": 0.0,
  "total_io_write_mb": 0.03515625,
  "context_switches": 4096,
  "validation": "PASS",
  "validation_detail": "basic (process exited cleanly)"
}