{
  "score": 14.943999999999999,
  "real": 302.32391130700125,
  "user": 9.679,
  "sys": 5.265,
  "ttfm": 34.34793909400469,
  "peak_cpu_pct": 0.0,
  "peak_memory_mb": 1307.23046875,
  "avg_threads": 201.39115646258503,
  "total_io_read_mb": 1.07421875,
  "total_io_write_mb": 0.0234375,
  "context_switches": 13396,
  "validation": "PASS",
  "validation_detail": "basic (process exited cleanly)"
}