{
  "score": 14.950000000000001,
  "real": 302.1418966010024,
  "user": 9.71,
  "sys": 5.24,
  "ttfm": -1.0,
  "peak_cpu_pct": 0.0,
  "peak_memory_mb": 1134.296875,
  "avg_threads": 153.98639455782313,
  "total_io_read_mb": 0.0,
  "total_io_write_mb": 0.02734375,
  "context_switches": 4309,
  "validation": "PASS",
  "validation_detail": "basic (process exited cleanly)"
}