{
  "score": 2.0780000000000003,
  "real": 11.060685471995384,
  "user": 1.838,
  "sys": 0.24,
  "ttfm": -1.0,
  "peak_cpu_pct": 0.0,
  "peak_memory_mb": 862.51171875,
  "avg_threads": 34.833333333333336,
  "total_io_read_mb": 0.0,
  "total_io_write_mb": 0.0078125,
  "context_switches": 371,
  "validation": "PASS",
  "validation_detail": "basic (process exited cleanly)"
}